SKU,Product_Name,Brand,Category,Unit_Price,Views,Units_Sold,Conversion_Rate
149304,Just Caught Seafood Marinara Mix,just caught,Meat Seafood & Deli,11.80000019,545,534,0.98
691815,Super Nature Super Pulses Thai Green Chicken Curry,super nature,Freezer,4,992,968,0.98
86610,Leggos Tomato Puree,leggos,Pantry,1.799999952,439,427,0.97
95964,Glow Lab Lemongrass & Lime Hand Wash Anitbacterial,glow lab,Health & Beauty,8,731,708,0.97
703393,Schweppes Lemonade,schweppes,Drinks,1.25,596,579,0.97
694706,Primo Rindless Middle Bacon,primo,Meat Seafood & Deli,11,881,857,0.97
622133,Help@hand Kids Strips & Patches,help@hand,Health & Beauty,1.600000024,345,333,0.97
807271,Mint Stainless Steel Grater Box,mint,Household,8,475,462,0.97
793264,Lynx Hair Styling Paste Messy Look,lynx,Health & Beauty,7,266,256,0.96
683110,Heinz Smokey Barbeque Sauce,heinz,Pantry,3.200000048,978,943,0.96
519217,Amoy Japanese Teriyaki Sauce,amoy,Pantry,5,684,660,0.96
758342,Dolmio Extra Tomato Onion & Roast Garlic Pasta Sauce,dolmio,Pantry,2.900000095,645,620,0.96
120063,Nature’s Way Sleeping Tablets,nature’s way,NOT LISTED,20,868,836,0.96
807335,Mint Non-stick Coating Granite Frypan 16cm,mint,Household,6,946,910,0.96
101599,Jase's Kitchen Gluten Free Spinach & Ricotta Rolls,jase's kitchen,Freezer,6.5,300,289,0.96
685013,Bref Toilet Liquid Colour Protection,bref,Household,3.5,296,285,0.96
230026,L'oreal Men Expert Hydra Energetic 24 Hour Moisturiser,l'oreal,Health & Beauty,9.600000381,676,650,0.96
126774,Mother's Day Mini Bear Cupcake,NULL,NOT LISTED,6,851,808,0.95
99962,Happy Valley 100% Pure Honey,happy valley,Pantry,8.600000381,1048,996,0.95
828997,Pascall Jubes Lollies,pascall,Pantry,4,998,951,0.95
785627,Raw C Coconut Water Pure Natural,raw c,Drinks,4,186,176,0.95
676398,Nana Crispy Rosemary Parmesan & Garlic,nana,Pantry,6,683,641,0.94
127161,Bonds Zip Wondersuit Disney Mickey Black Size 00,bonds,Baby,30,876,820,0.94
111319,Pandaroo Coconut Milk,pandaroo,Pantry,1.299999952,573,537,0.94
307450,Dermeze Soap Free Body Wash & Facial Cleanser,dermeze,Health & Beauty,18.5,1056,995,0.94
317793,Lipton Ice Tea Mango,lipton,Drinks,3.950000048,827,775,0.94
658326,Umami Edamame Salad,umami,Freezer,2.5,866,811,0.94
526940,Frey Dark Chocolate Block 85%,frey,Pantry,4,839,791,0.94
642426,Buzz Disposable Fly Trap,buzz,Household,9,1005,939,0.93
208112,Morning Fresh Dishwashing Liquid Original Super Strength,morning fresh,Household,3.75,792,740,0.93
88352,Senza Gluten Free Pizza Base,senza,Dairy Eggs & Fridge,5,976,906,0.93
147950,So Delicious Nutmilk Blueberry,so delicious,NOT LISTED,1.75,471,437,0.93
153622,Pump Still Water Bottle,pump,Drinks,2.700000048,737,687,0.93
819309,L'oreal Paris Color Riche Matte Mahogany,l'oreal,Health & Beauty,11,554,511,0.92
116552,Kellogg's Lcms Butter Flavoured Popcorn Snack Bars,kellogg's,Pantry,2,614,567,0.92
116552,Kellogg's Lcms Butter Flavoured Popcorn Snack Bars,kellogg's,Lunch Box,2,614,567,0.92
763094,Simply Wize Pastry Puff Gluten Free,simply wize,Freezer,9,740,681,0.92
248198,Uncle Tobys Le Snak French Onion Cheese Dip & Crackers,uncle tobys,Pantry,5.5,976,892,0.91
248198,Uncle Tobys Le Snak French Onion Cheese Dip & Crackers,uncle tobys,Dairy Eggs & Fridge,5.5,976,892,0.91
248198,Uncle Tobys Le Snak French Onion Cheese Dip & Crackers,uncle tobys,Lunch Box,5.5,976,892,0.91
726442,Ceres Organics Seaweed Multipack,ceres,Pantry,4.5,1021,929,0.91
806451,Inspire Espresso Set,inspire,Household,4,1048,951,0.91
759359,Borg's Pastry Puff 6 Sheets,borg's,Freezer,4.25,1032,934,0.91
781685,Canon Printer Ink Cl646 Tri Colour Ink Tank,canon,Household,28,585,532,0.91
801323,Bundaberg Traditional Lemonade 4x375ml,bundaberg,Drinks,6.349999905,457,414,0.91
335216,Energizer Max Plus/ Advanced Aa Batteries,energizer,Household,16,424,387,0.91
463186,Sunsilk Biotin Conditioner Longer & Stronger,sunsilk,Health & Beauty,10,418,379,0.91
269903,Barkers Anathoth Farm Strawberry Jam,barkers,Pantry,4,1022,915,0.9
623857,Cellucor C4 Sport Powder Blue Raspberry,cellucor,Health & Beauty,40,124,112,0.9
90850,Harpic Eco Fresh Citrus Lemon Toilet Cleaner,harpic,Household,6,922,826,0.9
505030,Body Science High Protein Bar Peanut Caramel,body science,Health & Beauty,4,415,375,0.9
815330,Rimmel Brow This Way 2in2 Eye Brow Dark Brown,rimmel,Health & Beauty,8,586,525,0.9
116533,"Baby Bellies Smoothie Bowl Apple, Strawberry & Oats",baby bellies,Baby,2.25,1092,972,0.89
306623,Nestle Smarties Sharepack,nestle,Pantry,4.599999905,1058,940,0.89
107204,Sistema Klip It Plus Rectangle 3.35l,sistema,Household,7.5,1088,973,0.89
170740,Yakult Probiotic Drink,yakult,Dairy Eggs & Fridge,7.699999809,694,619,0.89
518035,Jackson 1.5 Metre F-to-f Tv Antenna / Foxtel Cable With Pal Adaptors,jackson,Household,12,270,239,0.89
689924,Decor Match Ups Clips Tall Square 3l,decor,Household,10,993,880,0.89
688827,Cocobella Yoghurt Passionfruit,cocobella,Dairy Eggs & Fridge,6,607,542,0.89
96938,Primo Stackers Chicken Breast With Cheddar Cheese & Crackers,primo,Dairy Eggs & Fridge,4,711,636,0.89
687606,Calidad Hp 65 Xl Colour Ink Cartridge,calidad,Household,40,706,628,0.89
380791,Woolworths Macadamias Roasted & Salted,woolworths,Pantry,18,904,800,0.88
787164,Golden Circle Apple & Blackcurrant Juice,golden circle,Drinks,2.700000048,1132,993,0.88
857934,Vitapet Salmon Sticks,vitapet,Pet,4.900000095,728,640,0.88
105853,Milo Refill Pack,milo,Drinks,8.5,271,238,0.88
810801,I Pastai Vegan Ravioli Spinach & Ricotta Cheese,i pastai,Dairy Eggs & Fridge,7.5,497,437,0.88
224909,Maggi 2 Minute Instant Cup Noodle Oriental,maggi,Pantry,1.799999952,876,774,0.88
789700,Illooms Balloons Led Light Up Faces,illooms,Household,6,802,707,0.88
752475,Mtr Badam Drink Can,mtr,Pantry,8.5,932,820,0.88
817336,Rimmel Lasting Matte Foundation True Beige,rimmel,Health & Beauty,9,737,638,0.87
112927,Premium Crispbread Black Sesame,premium,Pantry,3,241,210,0.87
707715,Beerenberg Blueberry Jam,beerenberg,Pantry,5,1063,921,0.87
210635,Kraft Easy Mac Classic Cheese,kraft,Pantry,4,853,739,0.87
83295,Woolworths Panko Bread Crumbs,woolworths,Pantry,1.75,813,704,0.87
700173,Nivea Indulgent Honey Shower Gel & Body Wash,nivea,Health & Beauty,13.69999981,644,559,0.87
509974,Calidad Canon Printer Ink Refill Pack,calidad,Household,28,916,797,0.87
728380,Woolworths Cook Chicken Kebab Satay,woolworths,Meat Seafood & Deli,6,1088,939,0.86
825891,The Odd Bunch Tomato Prepacked,the odd bunch,Fruit & Veg,5.900000095,801,690,0.86
380945,Rimmel Lasting Finish Full Coverage Foundation 103 True Ivory,rimmel,Health & Beauty,9.5,1158,998,0.86
317090,Steggles Pastry Chicken Enchilada Mexican,steggles,Dairy Eggs & Fridge,7.5,655,562,0.86
86177,Little One's Size 5 Ultra Dry Nappies Walker 13-18kg Boys & Girls,little one's,Baby,10,1124,972,0.86
132231,Arnott's Shapes Triple Cheese Toastie Crackers,arnott's,NOT LISTED,2.5,1118,960,0.86
686461,Farmers Union Pouch Strawberry,farmers union,Dairy Eggs & Fridge,1.5,1089,932,0.86
106308,Barilla Mulino Bianco Cuorcini,barilla,Pantry,4.5,755,649,0.86
701639,Kellogg's Special K Original Breakfast Cereal,kellogg's,Pantry,4.949999809,669,571,0.85
97415,Armada Unicorn Paper Bowls,armada,Household,2,1139,963,0.85
83469,Ogx Tame & Shine Cream,ogx,Health & Beauty,21,1055,895,0.85
751963,Pauls Chocolate Custard,pauls,Dairy Eggs & Fridge,1.5,898,756,0.84
627821,Linda Mccartney's Vegetarian Burger Patties,linda mccartney's,NOT LISTED,5,316,264,0.84
94370,Twinings Camomile Honey & Vanilla Hebal Infusions,twinings,Drinks,6,518,433,0.84
94370,Twinings Camomile Honey & Vanilla Hebal Infusions,twinings,Pantry,6,518,433,0.84
855447,Mayver's Unsalted Smunchy Peanut Butter,mayver's,Pantry,4,1073,906,0.84
807305,Mint Non-stick Coating Frypan 26cm,mint,Household,11,394,331,0.84
822845,Mccain Pub Style Extra Crispy Chips,mccain,Freezer,4.5,961,809,0.84
376691,Oral-b Vitality Sensitive Clean Power Toothbrush,oral-b,Health & Beauty,45,407,337,0.83
108513,Jelly Belly 3d Gel Tutti Frutti Air Freshener,jelly belly,Household,5,634,526,0.83
305889,Dymo Letratag Tape Refill Paper,dymo,Household,16,1036,859,0.83
779134,Woolworths Unsweetened Almond Milk,woolworths,Dairy Eggs & Fridge,2,1148,958,0.83
779134,Woolworths Unsweetened Almond Milk,woolworths,Drinks,2,1148,958,0.83
808422,La Gina Peeled Tomatoes,la gina,Pantry,1,583,482,0.83
343890,Maggi 2 Minute Instant Noodles Chicken,maggi,Pantry,3.799999952,1116,928,0.83
738979,Table Of Plenty Mini Rice Snacks Chocolate Cakes,table of plenty,Pantry,3.599999905,742,617,0.83
322760,Sonoma Whole Wheat Miche,sonoma,Bakery,7.5,422,352,0.83
97063,Marion's Kitchen Coconut Sriracha,marion's kitchen,Pantry,5,1192,980,0.82
188124,U By Kotex Tampons Regular,u by kotex,Health & Beauty,3.400000095,773,632,0.82
142392,Fisiocrem Solugel,NULL,Health & Beauty,35,633,517,0.82
505876,Balnea Lime Antibacterial Hand Wash,balnea,Health & Beauty,1.5,680,559,0.82
375114,"Masterfoods Stir Fry Sauce Honey, Garlic & Soy",masterfoods,Pantry,2.200000048,745,614,0.82
311534,Woolworths Classic Coleslaw,woolworths,Dairy Eggs & Fridge,5.900000095,1064,861,0.81
311534,Woolworths Classic Coleslaw,woolworths,Meat Seafood & Deli,5.900000095,1064,861,0.81
111999,Nivea Men Sensitive Skin Aftershave Moisturiser Balm + Chamomile,nivea,Health & Beauty,6.900000095,459,372,0.81
861335,Ob Finest Original Wafer Crackers,ob finest,Meat Seafood & Deli,3,809,656,0.81
705837,Nature's Way Kids Smart Vita-gummies Multivitamin,nature's way,Health & Beauty,13,1017,821,0.81
840354,Garnier Nutrisse Hair Colour 4.15 Iced Chestnut,garnier,Health & Beauty,7.460000038,1010,818,0.81
334873,Macro Fruit & Nut Roasted Mix,macro,Pantry,10,828,671,0.81
101484,Vagisil Daily Intimate Wash White Jasmine,vagisil,Health & Beauty,8,1192,969,0.81
114785,Brasso Polish Metal,brasso,Household,10,1083,882,0.81
517079,Armada Resealable Sandwich Bags,armada,Lunch Box,3.5,1085,884,0.81
517079,Armada Resealable Sandwich Bags,armada,Household,3.5,1085,884,0.81
807374,Wise Bunny Almond Yoghurt Strawberry,wise bunny,Dairy Eggs & Fridge,5,377,304,0.81
574519,Razzamatazz 15d Ladder Resist Natural Average,razzamatazz,Household,6,897,726,0.81
121142,Freedom Farms Southern Style Buttermilk Pops,freedom farms,Meat Seafood & Deli,7.5,461,373,0.81
700721,San Remo La Pasta Macaroni Cheese,san remo,Pantry,2,149,121,0.81
85107,Maui Moisture Thicken & Restore Bamboo Fibres Blow Out Mist,maui moisture,Health & Beauty,22,839,679,0.81
683764,Schwarzkopf Root Retoucher Brown,schwarzkopf,Health & Beauty,18,1216,974,0.8
654495,Ajax Spray N Wipe Divine Blends Cleaner Trigger,ajax,Household,3,1241,987,0.8
248013,Nivea Men Moisturising Shaving Gel With Aloe Vera,nivea,Health & Beauty,6,544,437,0.8
193712,Nair Hair Removal Wax Easiwax Large Strips,nair,Health & Beauty,10,590,470,0.8
103984,Pop Tops Apple Blackcurrant Drink,pop tops,Lunch Box,4.5,421,335,0.8
103984,Pop Tops Apple Blackcurrant Drink,pop tops,Drinks,4.5,421,335,0.8
143233,Green's Scroll Mix Tomato & Olive Mix,green's,Pantry,4,745,591,0.79
873018,Woolworths Smoked Oysters In Oil,woolworths,Pantry,1.5,1005,793,0.79
808558,Gourmet Brioche Butter Loaf,gourmet brioche,Bakery,7,602,473,0.79
612574,Tommee Tippee Closer To Nature Fun Style Soothers 18 To36 Months,tommee tippee,Baby,7.699999809,1163,918,0.79
95217,Colgate Smiles My First Extra Soft Kids Toothbrush 0-2 Years,colgate,Health & Beauty,3.5,539,425,0.79
699977,Harpic Turquoise Power Toilet Block Cleaner Tropical Lagoon,harpic,Household,2.5,1057,825,0.78
650549,Nana Traditional Lebanese Bread White,nana,Bakery,1.600000024,589,457,0.78
667579,Rexona Men Deodorant Stick Invisible Dry,rexona,Health & Beauty,4,544,423,0.78
730850,Don Salami Sliced Pepperoni,don,Meat Seafood & Deli,4,601,467,0.78
83733,Woolworths Cracked Black Pepper & Wagyu Beef Sausages,woolworths,Meat Seafood & Deli,8.5,1247,972,0.78
94485,Masterfoods Paprika,masterfoods,Pantry,6.25,789,616,0.78
96822,Mccain Lasagne,mccain,Freezer,3.5,870,682,0.78
141157,Fancy Feast Adult Petit Cuisine Salmon Chicken Tuna Wet Cat Food,fancy feast,Pet,5,1267,986,0.78
693101,Jackson Outbound Travel Adaptor For Travel To Uk,jackson,Household,8.5,456,357,0.78
90795,Telstra Prepaid Nokia 2.3 4gx Black,telstra,Household,99,559,437,0.78
852515,Woolworths Cook Layered Stir-fry Kit With Honey Soy Sauce,woolworths,Fruit & Veg,6,766,594,0.78
879690,Dairyworks Extra Sharp Block,dairyworks,Dairy Eggs & Fridge,4.5,338,260,0.77
112568,T2 Packs A Peach Tea Bags,t2,Pantry,7,567,438,0.77
112568,T2 Packs A Peach Tea Bags,t2,Drinks,7,567,438,0.77
86578,Plantitude Coconut & Mango Frozen Dessert,plantitude,Freezer,8,1113,853,0.77
124838,Supafin Seafoods Fresh Northern Territory Goldband Snapper Portions,supafin seafoods,Meat Seafood & Deli,12,1250,962,0.77
774412,Woolworths Chicken Breast Tempura Nuggets,woolworths,Freezer,3.589999914,125,96,0.77
105047,U By Kotex Cotton Ultrathins Regular Pads,u by kotex,Health & Beauty,3.900000095,816,632,0.77
784112,Goulburn Valley Fruit Salad,goulburn valley,Pantry,3.700000048,1114,856,0.77
277069,Selleys No More Gaps,selleys,Household,10,806,622,0.77
684683,Toscano Mini Hot Dog Brioche Buns,toscano,Bakery,5,1133,871,0.77
120817,Weis Dairy Free Sorbet Passionfruit Tub,weis,Freezer,7,158,120,0.76
784318,Whiskas 1+ Years Wet Cat Food Chicken In Gravy Pouch,whiskas,Pet,8,551,420,0.76
754460,Aeroplane Ready To Eat Orange Jelly,aeroplane,Lunch Box,1,817,619,0.76
754460,Aeroplane Ready To Eat Orange Jelly,aeroplane,Pantry,1,817,619,0.76
162649,Woolworths Kitchen Gadget Ice Tray Cube,woolworths,Household,6,1114,850,0.76
150125,Yoplait Mini Go Mixed Berry,yoplait,Dairy Eggs & Fridge,1.200000048,630,476,0.76
143934,Movicol Flavour Free Sachets,movicol,Health & Beauty,15,725,549,0.76
250091,Sistema Slimline Plasticware Quaddie Lunch Box,sistema,Household,9,1162,879,0.76
250091,Sistema Slimline Plasticware Quaddie Lunch Box,sistema,Lunch Box,9,1162,879,0.76
139525,Pearsons G&t Botanicals Hibiscus & Rose Alcohol Free,pearsons,Drinks,50,445,340,0.76
110555,Crave Dry Dog Food Salmon & Ocean Fish,crave,Pet,25,101,77,0.76
137792,Covergirl Clean Fresh Skin Milk Porcelain Foundation,covergirl,Health & Beauty,10,545,415,0.76
225026,Nivea Men Sensitive Skin Face Cream Moisturiser Spf15,nivea,Health & Beauty,7.199999809,1278,971,0.76
862590,Woolworths Burger Patties,woolworths,Freezer,9.5,813,616,0.76
80043,Maybelline Dream Radiant Liquid Foundation Nude,maybelline,Health & Beauty,12.5,1162,881,0.76
668692,Revlon Colorstay Buff Foundation For Combination & Oily Skin,revlon,Health & Beauty,17.5,1047,795,0.76
781444,Ceres Organics Roasted Seaweed Nori Snack,ceres,Pantry,1.799999952,1160,872,0.75
85092,Nestle Immune Plus Lozenges,nestle,Pantry,4,1147,863,0.75
122672,Cadbury Dairy Milk Vanilla Sticks,cadbury,Freezer,6,1005,753,0.75
842626,Palmolive Kids 3 In 1 Bodywash Shampoo & Conditioner Happy Apple,palmolive,Health & Beauty,3,782,585,0.75
379970,Palmolive Naturals Liquid Hand Wash Soap Aloe Vera Value Refill,palmolive,Health & Beauty,6.5,1186,895,0.75
634376,Aussie Bodies Lo Carb Lean Protein Shake Chocolate,aussie bodies,Health & Beauty,3.200000048,1242,937,0.75
816095,Pringles Minis Sour Cream & Onion Chips Multi,pringles,Pantry,3.200000048,208,155,0.75
755821,Canesten Tinaderm Antifungal Powder Spray,canesten,Health & Beauty,10.5,1197,902,0.75
85345,Heinz Plant Proteinz Creamy Coconut Pumpkin & Chickpea Soup,heinz,Pantry,3.599999905,1076,802,0.75
321469,Gaviscon Dual Action Heartburn & Indigestion Liquid Peppermint,gaviscon,Health & Beauty,8.699999809,1225,923,0.75
362689,Heinz Simply Food 6 Months Vanilla Custard,heinz,Baby,1.5,977,732,0.75
699325,Simba Nik Naks,simba,Pantry,2.900000095,1066,804,0.75
671465,Mud Lipstick Endless Pink,mud,Health & Beauty,4.5,1095,813,0.74
805416,Oki Coating Original Chicken,oki,Pantry,1.700000048,918,681,0.74
752708,L'oreal Volume Million Lashes Mascara Black,l'oreal,Health & Beauty,12.5,1236,913,0.74
251020,Woolworths Garlic Powder,woolworths,Pantry,2,347,257,0.74
726358,Woolworths Pepitas,woolworths,Pantry,4,1035,766,0.74
311977,Woolworths Sultanas,woolworths,Lunch Box,2,1292,951,0.74
311977,Woolworths Sultanas,woolworths,Pantry,2,1292,951,0.74
459723,Walkers Highland Oatcakes,walkers,Pantry,6,1186,880,0.74
829916,Inspire Metal Pedal Bin 5l,inspire,Household,15,484,356,0.74
89050,Finish Dishwasher Cleaner Liquid Original,finish,Household,4,510,377,0.74
807235,Mint Steak Knife Set,mint,Household,10,585,433,0.74
253958,Colgate Cavity Protection Toothpaste Blue Minty Gel,colgate,Health & Beauty,2.99000001,1112,821,0.74
90346,Darrell Lea Dark Chocolate Block,darrell lea,Pantry,5,1341,995,0.74
749870,Campbell's Real Chicken Stock,campbell's,Pantry,1.649999976,775,566,0.73
609700,Fresh Papple,NULL,Fruit & Veg,1.059999943,1160,850,0.73
604173,L'or Espresso Papua New Guinea Intensity 7 Coffee Capsules,l'or,Pantry,6,1310,956,0.73
604173,L'or Espresso Papua New Guinea Intensity 7 Coffee Capsules,l'or,Drinks,6,1310,956,0.73
671453,Mud Charcoal Kajal Eyeliner,mud,Health & Beauty,5.5,1324,973,0.73
248497,Moccona Freeze Dried Instant Coffee Classic Dark Roast,moccona,Drinks,6,1245,904,0.73
248497,Moccona Freeze Dried Instant Coffee Classic Dark Roast,moccona,Pantry,6,1245,904,0.73
88778,Discovery Garden Metal Bug Stake Grasshopper,discovery garden,Household,3.5,1211,878,0.73
591694,Mccormicks Slow Cookers Garlic & Herb Lamb Shanks,mccormicks,Pantry,1.5,952,699,0.73
101817,B.box Cleaning Brush Set,b.box,NOT LISTED,10,521,381,0.73
505320,Calidad Epson Printer Ink 220 Tri-colour,calidad,Household,30,651,477,0.73
82541,Dove Shampoo Dermacare Anti Dandruff Clean & Fresh,dove,Health & Beauty,5.5,347,255,0.73
459369,Zerella Fresh Spudlite Baby Potato Pack,zerella fresh,Fruit & Veg,3,1260,914,0.73
357269,"Macro Natural Brazil, Almond & Cashew Spread",macro,Pantry,8,1087,791,0.73
517117,Korbond Whiz Pop Bang Straight Silver Sparkler 20cm,korbond,Household,3,1259,919,0.73
852359,Woolworths New York Style Cheesecake,woolworths,Bakery,5,1084,790,0.73
823726,Remington Personal Haircut Kit,remington,Household,25,409,297,0.73
512321,Devondale Extra Soft Butter Blend,devondale,Lunch Box,7.5,70,51,0.73
512321,Devondale Extra Soft Butter Blend,devondale,Dairy Eggs & Fridge,7.5,70,51,0.73
512321,Devondale Extra Soft Butter Blend,devondale,Pantry,7.5,70,51,0.73
97321,Perfect Italiano Original Ricotta,perfect italiano,Meat Seafood & Deli,4.300000191,996,721,0.72
97321,Perfect Italiano Original Ricotta,perfect italiano,Dairy Eggs & Fridge,4.300000191,996,721,0.72
742036,Eveready Gold Aaa Batteries,eveready,Household,20,1229,889,0.72
88125,Sacla Basil Pesto,sacla,Pantry,4.900000095,464,335,0.72
228929,Corelle Winter Frost White Salad/pasta Bowl 591ml,corelle,Household,6,1333,955,0.72
726351,Woolworths Brazil Nuts,woolworths,Pantry,5,463,333,0.72
253846,Mainland On The Go Tasty Cheese And Crackers,mainland,Lunch Box,4.5,1077,771,0.72
253846,Mainland On The Go Tasty Cheese And Crackers,mainland,Dairy Eggs & Fridge,4.5,1077,771,0.72
376791,Nature's Way True Odourless High Strength Fish Oil 1500mg,nature's way,Health & Beauty,35,1025,735,0.72
279766,Jalna Greek Yoghurt,jalna,Dairy Eggs & Fridge,11.94999981,473,342,0.72
128898,Praise Traditional Creamy Mayonnaise,praise,Lunch Box,3,1007,724,0.72
128898,Praise Traditional Creamy Mayonnaise,praise,Pantry,3,1007,724,0.72
683106,Batiste Dry Shampoo Luxe,batiste,Health & Beauty,10,1168,846,0.72
669657,Macro Organic 6 Months+ Apple Berries & Fig With Yoghurt,macro,Baby,1.399999976,748,537,0.72
89159,Cloverdale Tasty & Sweet Pure Honey,cloverdale,Pantry,4.5,1384,996,0.72
744640,Jamie Oliver Fish Cakes Pollock,jamie oliver,Freezer,5,1329,953,0.72
674285,Tefal Cook Right Pancake Pan,tefal,Household,20,1276,915,0.72
85159,Coca-cola Diet Soft Drink Multipack Cans,coca-cola,Drinks,22.75,1342,963,0.72
88167,Sunrice Brown Rice Chips Wild Rice,sunrice,Pantry,5,965,691,0.72
133045,Nerf Scentology Dog Toy Bone,nerf,Pet,11.89999962,1302,938,0.72
148365,Uncle Tobys Rolled Oats Quick Sachets Creamy Vanilla,uncle tobys,Pantry,8,943,672,0.71
250895,Radox Body Wash Feel Heavenly With Coconut Extract,radox,Health & Beauty,7,812,575,0.71
103381,Jif Power & Shine Multi-purpose Wipes Citrus Fresh,jif,Household,5.5,1281,913,0.71
878798,Rimmel Oh My Gloss Crystal Clear,rimmel,Health & Beauty,7,1395,993,0.71
815155,Brut Anti-perspirant Enduro Ice,brut,Health & Beauty,6.300000191,1067,757,0.71
807804,Remedy Cherry Plum Kombucha,remedy,Drinks,1.75,1164,827,0.71
754170,Woolworths Peas,woolworths,Freezer,1.600000024,176,125,0.71
102972,Bonds The X-temp Trunk Men's Medium Assorted,bonds,Household,24,489,347,0.71
644436,Tom & Luke Salted Caramel,tom & luke,Health & Beauty,5,532,379,0.71
644436,Tom & Luke Salted Caramel,tom & luke,Pantry,5,532,379,0.71
665750,Woolworths Free From Lactose Free Full Cream Milk,woolworths,Dairy Eggs & Fridge,2.150000095,476,337,0.71
765739,Bulldog Face Care Sensitive Moisturiser,bulldog,Health & Beauty,12.5,1252,877,0.7
524419,Energizer Micro-usb Wall Charger With 1 Metre Cable,energizer,Household,25,1168,815,0.7
733363,Stubb's Hickory Bourbon Bbq Sauce,stubb's,Pantry,6,1404,978,0.7
133112,Total Care Cuddlechews Dog Toy,total care,Pet,15,1226,856,0.7
350370,Chef's Choice Himalayan Pink Rock Salt Grinder,chef's choice,Pantry,6,1010,707,0.7
92328,Moccona Ristretto Strong Coffee Capsules,moccona,Drinks,9,1034,728,0.7
92328,Moccona Ristretto Strong Coffee Capsules,moccona,Pantry,9,1034,728,0.7
97948,Maybelline Cheek Heat Sheer Gel Cream Blush 20 Rose Flush,maybelline,Health & Beauty,8.5,541,380,0.7
139776,Sabco Stainless Steel Pegs,sabco,NOT LISTED,9,798,556,0.7
100123,Cloverdale Organic Mixed Blossom Honey,cloverdale,Pantry,6.400000095,758,529,0.7
830015,Extra White Bubblemint Chewing Gum Sugar Free 4x10 Piece,extra,Pantry,3.5,622,437,0.7
686250,Danone Yopro Strawberry Yoghurt,danone,Dairy Eggs & Fridge,6,1236,866,0.7
139734,Mccain Quick Cook Fries Shoestring Crunchy,mccain,Freezer,4.300000191,1400,966,0.69
110532,Hans Lunch Plate Smoked Leg Ham & Tomato Chutney,hans,Dairy Eggs & Fridge,6.5,369,255,0.69
119337,Just Gloves Ultra Sensitive Latex Free Disposable Gloves Medium,just gloves,Household,5.949999809,1445,998,0.69
785544,Kanzi Apple,kanzi,Fruit & Veg,6.5,690,474,0.69
785544,Kanzi Apple,kanzi,Lunch Box,6.5,690,474,0.69
102232,Chupa Chups Sour Bites Share Pack,chupa chups,Pantry,5,871,597,0.69
97141,Mint Small Oval Platter Stoneware,mint,NOT LISTED,5,485,337,0.69
491645,Decor Microsafe Easy Steam Egg Poacher,decor,Household,15,1340,918,0.69
727182,Nestle Kitkat Gold Bar,nestle,Pantry,1,1172,810,0.69
727461,Woolworths Rspca Approved Fresh Chicken Thigh Fillets Skinless Tray,woolworths,Meat Seafood & Deli,20.39999962,964,659,0.68
365958,Rimmel Lastingfinish Fdn Ivory,rimmel,Health & Beauty,9.5,1053,716,0.68
92895,John West Herrings In Tomato Sauce,john west,Pantry,2.5,1198,818,0.68
701877,Twinings Infuse Passionfruit Mango & Orange,twinings,Pantry,5,430,294,0.68
701877,Twinings Infuse Passionfruit Mango & Orange,twinings,Drinks,5,430,294,0.68
215177,Blackmores Multivitamin For Women,blackmores,Health & Beauty,15,960,657,0.68
715632,Babylove Sleepy Nights Overnight Pants 18-35kg,babylove,Baby,11,758,519,0.68
805128,Samyang Ramen Hot Chicken Original,samyang,Pantry,8,1161,786,0.68
712408,Rexona Clinical Protection Sport,rexona,Health & Beauty,13,435,295,0.68
148364,Uncle Tobys Rolled Oats Quick Sachets Creamy Honey,uncle tobys,Pantry,5,990,666,0.67
706577,Amazonia Acai Energy Guarana Blend,NULL,Freezer,6,1090,730,0.67
303731,Amy's Kitchen Organic Vegetable Barley Soup,amy's kitchen,Pantry,3.900000095,1357,905,0.67
106600,Eylure Promagnetic Eyeliner & Lash System,eylure,Health & Beauty,15,672,447,0.67
693102,Energizer Max Plus Advanced Aa,energizer,Household,12,1177,784,0.67
248197,Uncle Tobys Le Snak Tasty Cheese Dip & Crackers,uncle tobys,Dairy Eggs & Fridge,5.5,371,248,0.67
248197,Uncle Tobys Le Snak Tasty Cheese Dip & Crackers,uncle tobys,Pantry,5.5,371,248,0.67
248197,Uncle Tobys Le Snak Tasty Cheese Dip & Crackers,uncle tobys,Lunch Box,5.5,371,248,0.67
255467,Coca-cola Classic Soft Drink Bottle,coca-cola,Drinks,3.75,954,637,0.67
660273,Only Organic Kumara Crt & Coco Rice,only organic,Baby,2,826,549,0.66
799842,Cococoast Natural Coconut Water Passionfruit,cococoast,Drinks,2.5,174,115,0.66
574746,Quorn Vegan Nuggets,quorn,NOT LISTED,7,1112,730,0.66
85060,Ogx Coconut Oil Air Dry Cream,ogx,Health & Beauty,21,1203,791,0.66
206426,Bega Strong & Bitey Cheese Slices,bega,Dairy Eggs & Fridge,4.5,828,546,0.66
200224,Dilmah Family Pack Loose Leaf Tea,dilmah,Drinks,8.5,1362,893,0.66
200224,Dilmah Family Pack Loose Leaf Tea,dilmah,Pantry,8.5,1362,893,0.66
205356,"Nature's Own Calcium, Magnesium & Vitamin D3 Tablets",nature's own,Health & Beauty,18,844,554,0.66
871592,Philips Led 806lm Warm Bc,philips,Household,6.5,1052,695,0.66
211476,Nestle Sustagen Dutch Chocolate Ready To Drink,nestle,Pantry,5.900000095,1425,940,0.66
211476,Nestle Sustagen Dutch Chocolate Ready To Drink,nestle,Lunch Box,5.900000095,1425,940,0.66
295163,Wai Wai Noodles Instant Tom Yum Shrimp,wai wai,Pantry,0.649999976,1437,946,0.66
83803,Yumi's Avocado With Sea Salt Dip,yumi's,Dairy Eggs & Fridge,4,563,372,0.66
346058,Splenda Sweetener Sachets,splenda,Pantry,6.199999809,1207,797,0.66
86396,Blackmores Multivitamin & Immune,blackmores,Health & Beauty,20,670,445,0.66
90689,Tooshies By Tom Nappies With Organic Bamboo 13-18kg Walker Size 5,tooshies by tom,Baby,20,1060,703,0.66
757029,D3 Cohesive Bandage,d3,Health & Beauty,10,1221,788,0.65
838692,On The Menu Cottage Pie,on the menu,Freezer,3,968,631,0.65
566747,Manicare Grooming Set Manicure & Pedicure,manicare,Health & Beauty,8,1299,838,0.65
86180,Thomas Dux Aged Cheddar 18 Months,thomas dux,Dairy Eggs & Fridge,4.599999905,1261,814,0.65
86180,Thomas Dux Aged Cheddar 18 Months,thomas dux,Meat Seafood & Deli,4.599999905,1261,814,0.65
108479,Noshu 98% Sugar Free Choc Chip Bake Mix,noshu,NOT LISTED,7.5,1268,821,0.65
826968,Abc Chilli Sauce,abc,Pantry,2.75,1343,878,0.65
466175,Orgran Premium Breadcrumbs,orgran,Pantry,4.349999905,1052,679,0.65
114462,Always Fresh Cucumbers Baby,always fresh,Pantry,3.799999952,912,593,0.65
694551,Woolworths Basmati Rice,woolworths,Pantry,6.300000191,437,284,0.65
262769,Purina Totalcare Allwormer Small Dog & Puppy,purina,Pet,9,1163,751,0.65
225621,Band-aid Tough Strips Regular,band-aid,Health & Beauty,2.849999905,1009,657,0.65
406800,Quest Protein Bar Smores,quest,Health & Beauty,4,749,476,0.64
257451,Gravox Finishing Sauce Mushroom & Garlic,gravox,Pantry,1.75,1289,823,0.64
89941,Zenzone Air Freshener Spray Refill Cotton Flower,zenzone,Household,4,574,370,0.64
133346,Maggi 2 Minute Noodles Spicy Chicken,maggi,Pantry,3.799999952,1058,676,0.64
571495,Chanukah Traditional Hanukkah Candles,chanukah,Pantry,1.100000024,1000,635,0.64
101828,B.box Feeding Set  - Lemon Sherbet,b.box,NOT LISTED,30,318,205,0.64
321601,Red Island Extra Virgin Olive Oil,red island,Pantry,35,988,629,0.64
683968,Dole Tropical Gold Pineapple Chunks In Juice,dole,Pantry,1.799999952,1078,689,0.64
140658,Primo Middle Bacon,primo,Meat Seafood & Deli,15,407,260,0.64
866197,Vs Sassoon For Men The Essential Cut Hair Clipping Kit,vs sassoon,Household,35,633,401,0.63
748543,Depend Real Fit For Men Underwear Large,depend,Health & Beauty,13,1343,850,0.63
187766,Spc Spaghetti Tomato Reduced Salt,spc,Pantry,1.399999976,1091,682,0.63
279742,Strike Aerosol Disinfectant Hospital Grade Marine Fresh,strike,Household,4,1252,785,0.63
365407,Ocean Blue Smoked Salmon,ocean blue,Meat Seafood & Deli,12.5,63,40,0.63
729278,Woolworths Microwave Popcorn Butter Flavoured,woolworths,Pantry,0.949999988,1277,799,0.63
94618,Hoyt's Pepper Black Whole,hoyt's,Pantry,4.300000191,842,529,0.63
226469,Perfect Italiano Extra Sharp Parmesan Cheese,perfect italiano,Meat Seafood & Deli,6.099999905,1180,749,0.63
226469,Perfect Italiano Extra Sharp Parmesan Cheese,perfect italiano,Dairy Eggs & Fridge,6.099999905,1180,749,0.63
477722,Arctic Zone Collapsible Cooler 24 Cans,arctic zone,Household,15,769,483,0.63
117259,Hunter Valley 12 Large Free Range Eggs,hunter valley,Dairy Eggs & Fridge,6.5,435,272,0.63
114622,Munchme Cashew Sesame,munchme,Pantry,5.5,1034,650,0.63
406087,V8 Vegetable Juice Pineapple Passion,v8,Drinks,3.5,959,608,0.63
697502,Woolworths Pear Slices In Syrup,woolworths,Pantry,2,1078,672,0.62
804124,Dollar Sweets 10 Inch Round Cake Board,dollar sweets,Pantry,3,836,520,0.62
297890,Old El Paso Mexican Wholegrain Tortillas,old el paso,Pantry,2.700000048,1143,705,0.62
730661,Total Care Padded Dog Collar Medium,total care,NOT LISTED,11.98999977,908,561,0.62
210749,Sabco Open Plan Mop Dry Refill,sabco,Household,12.5,453,282,0.62
676527,Organic Choice Candle Lemongrass & Cedarwood,organic choice,Household,15,1134,708,0.62
250242,Tresemme Hair Spray Extra Hold Salon Finish,tresemme,Health & Beauty,4,1181,732,0.62
108189,Bonds Insta Tan Sheer Tights Dark Small/medium,bonds,Household,8,832,514,0.62
768567,Woolworths Winter Veg Mix,woolworths,Freezer,3,973,599,0.62
232259,Mylanta 2go Antacids Double Strength Tabs,mylanta,Health & Beauty,8.199999809,603,376,0.62
258224,3m Command Picture Hanging Strips Medium White,3m command,Household,7,697,422,0.61
105201,U By Kotex Overnight Briefs Boyleg Small - Medium,u by kotex,Health & Beauty,4.800000191,348,213,0.61
729632,Mortein Naturgard Auto Indoor Insect Control Odourless Refill,mortein,Household,16,692,419,0.61
855455,Arnott's Cracker Chips Honey Soy Chicken,arnott's,Pantry,3.5,960,583,0.61
333359,Woolworths Mini Croissant,woolworths,Lunch Box,4,653,400,0.61
333359,Woolworths Mini Croissant,woolworths,Bakery,4,653,400,0.61
850483,Provoke Touch Of Silver Brightening Purple Shampoo,provoke touch of silver,Health & Beauty,20,249,151,0.61
841702,Air Wick Life Scents Turquoise Oasis Reed,air wick,Household,9.600000381,1254,767,0.61
586822,Doritos Corn Chips Cheese Supreme,doritos,Pantry,2.099999905,678,415,0.61
205521,Nair Hair Removal Cream Facial Hair Remover,nair,Health & Beauty,6,778,472,0.61
141173,Cuddly Care & Protect Antibacterial Fabric Conditioner,cuddly,Household,9,1017,614,0.6
828591,Yeo's Drink Sugar Cane,yeo's,Pantry,0.800000012,1084,645,0.6
790467,Yumi's Aioli With Chilli Dip,yumi's,Dairy Eggs & Fridge,4,983,590,0.6
311461,Sunrice Microwave Fragrant Brown Rice Family Sz,sunrice,Pantry,3.5,723,431,0.6
98446,Pearl River Bridge Soy Sauce Mushroom,pearl river bridge,Pantry,2.5,573,346,0.6
116977,Sam's Pantry Blueberry Almond Nut Bar,sam's pantry,Pantry,3.5,632,373,0.59
116977,Sam's Pantry Blueberry Almond Nut Bar,sam's pantry,Lunch Box,3.5,632,373,0.59
569368,Harvest Rice Bran Oil,harvest,Pantry,9,1045,619,0.59
814746,Modelco Tan Water,modelco,Health & Beauty,25,1149,675,0.59
147195,Pumpkin Butternut Whole,NULL,Fruit & Veg,5.199999809,661,388,0.59
315645,Perfection Kumato Grape Tomato,perfection,Fruit & Veg,3.5,1035,615,0.59
315645,Perfection Kumato Grape Tomato,perfection,Lunch Box,3.5,1035,615,0.59
84578,Vicks Vapodrops Butter Menthol Lozenges,vicks,Health & Beauty,6.800000191,1067,621,0.58
262102,Playgro Grooming Brush & Comb Set Assorted,playgro,Baby,8.5,603,351,0.58
763032,Urbane Mess Gritty Soap,urbane mess,Health & Beauty,5.5,1093,629,0.58
82540,Vegeta Beef Stock Cubes,vegeta,Pantry,2,684,399,0.58
108198,Cadbury Old Gold Dark Chocolate Almond & Orange Bites,cadbury,Pantry,4,1085,629,0.58
505844,Balnea Milk & Honey Body Wash Body Wash,balnea,Health & Beauty,2.200000048,700,408,0.58
477719,Arctic Zone 12 Can Zipperless Cooler,arctic zone,Household,18,896,524,0.58
142376,Bx Earth Noosa Passion & Berry Reed Diffuser,bx earth,NOT LISTED,15,873,503,0.58
301061,Pampas Puff Pastry Sheets 3 Sheets,pampas,Freezer,5.349999905,1093,633,0.58
110469,Crave Wet Dog Food Turkey & Lamb,crave,Pet,1.899999976,992,578,0.58
815747,Oreo Frozen Ice Cream Sticks,oreo,Freezer,5,611,352,0.58
89940,Zenzone Air Freshener Odour Neutraliser Lavender Fields,zenzone,Household,1.899999976,814,476,0.58
516942,Supercoat Adult Dog Food Active,supercoat,Pet,29,980,566,0.58
324912,Winners Sports Nutrition Energy Gel Berry Burst 4pk,winners sports nutrition,Health & Beauty,8.5,505,288,0.57
786204,Lux Velvety Skin Bar Soap Soft Caress,lux,Health & Beauty,4.800000191,1102,628,0.57
84917,Inspire Metallic Decal Mug,inspire,NOT LISTED,5,895,500,0.56
97990,Snacktacular Fruity Pouch Fruit Puree Apple,snacktacular,Pantry,3.799999952,465,262,0.56
201104,Sally Hansen Nail Hard As Nails Nylon Natural,sally hansen,Health & Beauty,10,1091,608,0.56
112352,Mccain Pizza Slice Cheese & Bacon,mccain,Freezer,7.5,293,165,0.56
198763,Lee Kum Kee Soy Sauce Premium,lee kum kee,Pantry,3.799999952,1132,636,0.56
688339,Jack Hammer Picture Hanging Kit 88 Piece,jack hammer,Household,7.5,373,209,0.56
565831,Woolworths Apple Slices Pie Fruit,woolworths,Pantry,3.5,905,510,0.56
686556,Nuk Mickey Soother 0-6m,nuk,Baby,13,749,418,0.56
838737,Woolworths Light Thickened Cream,woolworths,Dairy Eggs & Fridge,1.899999976,491,277,0.56
847697,Friskies Adult Meaty Grills Dry Cat Food,friskies,Pet,4.900000095,742,412,0.56
592110,Woolworths Glazed Mints,woolworths,Pantry,2,295,166,0.56
89345,Corams Pain Relief Gripe Water,corams,Baby,8,876,483,0.55
307689,Allen's Strawberry & Cream Lollies Bag,allen's,Pantry,3,350,194,0.55
748596,Woolworths Uht Lite Milk,woolworths,Drinks,1.25,767,421,0.55
748596,Woolworths Uht Lite Milk,woolworths,Dairy Eggs & Fridge,1.25,767,421,0.55
283176,Bonds Socks Mens Logo Lowcut Size 11-14,bonds,Household,15,279,154,0.55
784116,Goulburn Valley Peach Sliced In Mango Nectar,goulburn valley,Pantry,3.700000048,372,203,0.55
592095,Woolworths Jubes,woolworths,Pantry,2,1058,577,0.55
765474,Olsent Cfl Spiral Bc 20w 1400lm Ww 20w,olsent,Household,10,1060,582,0.55
228399,Green Gardener Multi Pattern Spray Trigger Gun,green gardener,Household,9,631,343,0.54
98090,Mersey Valley Jalapeno Cheese,mersey valley,Dairy Eggs & Fridge,3.5,188,102,0.54
98090,Mersey Valley Jalapeno Cheese,mersey valley,Meat Seafood & Deli,3.5,188,102,0.54
108414,Byron Bay Cookies Macadmia Shortbread Bites,byron bay cookies,Pantry,2.5,778,419,0.54
189726,Pandaroo Coconut Cream,pandaroo,Pantry,1.850000024,308,165,0.54
654785,S-26 Alula Original Newborn 0 - 6 Months,s-26,Baby,17,783,423,0.54
637645,Toni & Guy 4mm Elastic Black,toni & guy,Health & Beauty,4.900000095,919,494,0.54
824912,Steggles Chicken Breast Schnitzel Panko & Quinoa,steggles,Meat Seafood & Deli,9,947,513,0.54
214647,Optimum Adult With Lamb & Rice Wet Dog Food,optimum,Pet,2.599999905,316,172,0.54
795886,Nutella Hazelnut Spread,nutella,Pantry,4.75,891,483,0.54
360922,Rufus & Coco Dog Ear & Wound Care Liquid,rufus & coco,Pet,13.80000019,784,421,0.54
830211,Woolworths Vanilla Ice Cream Sandwich,woolworths,Freezer,2.900000095,94,51,0.54
120028,Sole Mare Anchovy Fillets In Olive Oil,sole mare,Pantry,3.799999952,780,421,0.54
826885,Nature's Way Vitagummies Womens Multivit Orange Lemon Blueberry,nature's way,Health & Beauty,10,567,309,0.54
764465,Pork Belly,NULL,Meat Seafood & Deli,20.79999924,744,394,0.53
262252,Musashi P30 Protein Powder Chocolate,musashi,Health & Beauty,40.40000153,794,422,0.53
818817,Maybelline City Bronzer Powder - Deep Cool,maybelline,Health & Beauty,8.5,1011,536,0.53
260435,L'oreal Paris Casting Creme Gloss 415 Iced Chocolate,l'oreal,Health & Beauty,16,849,447,0.53
495447,Vitaustralia Lanolin Oil Cream,vitaustralia,Health & Beauty,3.49000001,316,169,0.53
364994,Essentials 80d Plain Opaque Tights Black Tall,essentials,Household,9,649,336,0.52
627674,Naturopathica Fat Blaster Vanilla Shake,naturopathica,Health & Beauty,20,826,433,0.52
118221,Made With Plants Meat Free Thai Green Curry With Rice,made with plants,Dairy Eggs & Fridge,9,930,486,0.52
698013,Woolworths Free From Gluten Waffle Cones,woolworths,Pantry,4.5,523,274,0.52
519456,Energizer Vision Hd Led 300 Lumens,energizer,Household,30,913,475,0.52
467388,Fehlbergs Sweet & Sour Cucumbers,fehlbergs,Pantry,3.5,545,284,0.52
802538,Garnier Fructis Colour Last Conditioner,garnier,Health & Beauty,7,522,272,0.52
216943,Cenovis Ginkgo Biloba 2000 Tablets Value Pack,cenovis,Health & Beauty,16,844,427,0.51
610177,Decor Bamboo Tumbler Pebble,decor,Household,2,536,274,0.51
674629,Lo-fo Pantry Low Fodmap Plain Flour,lo-fo pantry,Pantry,5,727,360,0.5
841896,Ocean Spray Craisins Value Bag,ocean spray,Pantry,6,188,94,0.5
683682,Doritos Crackers Cheese Supreme,doritos,Pantry,2,546,273,0.5
752585,Mtr Ready To Eat Dal Fry,mtr,Pantry,2.75,433,212,0.49
829607,Lifestyles Condoms Ultra Thin,lifestyles,Health & Beauty,6.5,631,308,0.49
871331,Philips Led 470lm Warm Es,philips,Household,6.5,206,100,0.49
99364,Primo Kids Sliced Honey Ham,primo,Meat Seafood & Deli,3.25,969,476,0.49
779889,Sanitarium Up&go Liquid Breakfast Caramel,sanitarium,Pantry,14,333,163,0.49
779889,Sanitarium Up&go Liquid Breakfast Caramel,sanitarium,Lunch Box,14,333,163,0.49
497143,Oakwood Leather Clean Soap,oakwood,Household,6,716,351,0.49
96218,Smitten Mince Selection Adult Wet Cat Food,smitten,Pet,5.400000095,420,201,0.48
852210,Pantene Pro V Blends Micellar Aloe Shampoo,pantene,Health & Beauty,10.80000019,607,293,0.48
760557,Barilla Egg Tagliatelle,barilla,Pantry,2.799999952,845,406,0.48
119828,Pasta Master Penne Beef Ragu Bake,pasta master,Dairy Eggs & Fridge,12,954,456,0.48
666068,Daily Juice Apple Watermelon Raspberry,daily juice,Drinks,5,730,345,0.47
336353,Raid Night&day Refill Control Fly & Mosquito Protection,raid,Household,13,526,245,0.47
378535,Aptamil Gold+ 4 Junior Milk Formula From 2+ Years,aptamil,Baby,23,651,308,0.47
627658,Naturopathica Fat Blaster Chocolate Shake,naturopathica,Health & Beauty,20,429,200,0.47
256933,Patak's Eggplant Pickle,patak's,Pantry,6.400000095,788,369,0.47
784113,Goulburn Valley Two Fruits,goulburn valley,Pantry,3.700000048,772,352,0.46
807292,Mint Silicone Spoon Rest,mint,Household,3.5,705,319,0.45
726369,Woolworths Cranberries,woolworths,Pantry,2.200000048,838,381,0.45
533575,Bonds Mens Guy Front Trunk Size S,bonds,Household,24,831,372,0.45
875113,Naturoma Long Lasting Gel Air Freshener,naturoma,Household,3,107,47,0.44
246662,Easyliner Supergrip Mat Door Easyliner 50x200cm,easyliner,Household,10,817,358,0.44
88649,Chevron Alkaline Aaa Batteries,chevron,Household,16,503,219,0.44
716811,Nudie Nothing But Orange Apple & Mango,nudie,Drinks,7.5,798,344,0.43
134784,Woolworths Brussel Sprouts Prepack,woolworths,Fruit & Veg,5.900000095,569,238,0.42
828584,Disney Kids Power Toothbrush,disney,Health & Beauty,12,189,79,0.42
249549,Masterfoods Tuscan Seasoning,masterfoods,Pantry,6.300000191,195,81,0.42
867106,Surf Laundry Powder Floral Spice Orchid Vanilla,surf,Household,6,784,332,0.42
822317,Colgate Total Gum Health Antibacterial Fluoride Toothpaste,colgate,Health & Beauty,4,641,265,0.41
798705,Espressotoria Aurora Coffee Italian Coffee Capsules,espressotoria,Drinks,5.599999905,737,299,0.41
798705,Espressotoria Aurora Coffee Italian Coffee Capsules,espressotoria,Pantry,5.599999905,737,299,0.41
657672,My Dog Tasty Kangaroo Loaf Classics Wet Dog Food Tray,my dog,Pet,1,827,339,0.41
827628,Woolworths Leafy Mix,woolworths,Lunch Box,2,428,170,0.4
827628,Woolworths Leafy Mix,woolworths,Fruit & Veg,2,428,170,0.4
827628,Woolworths Leafy Mix,woolworths,Dairy Eggs & Fridge,2,428,170,0.4
322266,Only Organic 4 Months+ Apple Peach & Apricot,only organic,Baby,1.5,488,194,0.4
102729,Don Hot Hungarian Salami,don,Meat Seafood & Deli,6.400000095,309,125,0.4
132666,Total Care Flea & Lice Control Plus For Cats & Kittens,total care,Pet,18,737,287,0.39
252264,John West Tuna Tempters Mango Chilli,john west,Pantry,1.149999976,621,243,0.39
820588,Woolworths Free From Gluten White Wraps,woolworths,Bakery,4.5,261,101,0.39
86322,Patak's Spicy Tandoori Paste Marinade,patak's,Pantry,4,220,86,0.39
795805,Ocean Blue Cocktail Prawns,ocean blue,Meat Seafood & Deli,10,449,177,0.39
688710,Maybelline Fit Me Matte & Poreless Pressed Powder- Pure Beige 235,maybelline,Health & Beauty,7.5,558,220,0.39
103673,Natralus Natural Paw Paw Lip Butter Strawberry,natralus,Health & Beauty,4.989999771,605,231,0.38
204524,Frankie & Friends Wild Bird Food,frankie & friends,Pet,17.5,416,160,0.38
91872,Aussie Frozen Fruit 100% Australian Mixed Berries,aussie frozen fruit,Freezer,6,779,296,0.38
413030,Sealord Hoki Fillet Gluten Free Crumb,sealord,Freezer,7,303,112,0.37
88601,World's Best Cat Litter Clumping Cat Litter,world's best cat litter,Pet,16,65,24,0.37
124735,Danone Activia Dairyfree Plant Based Oat & Coconut Blueberry Acai,danone,Dairy Eggs & Fridge,6,774,278,0.36
679284,Cuddly Concentrate Fabric Softener Conditioner Sunshine Fresh,cuddly,Household,15,746,267,0.36
730623,Garnier Bb Cream Oil-free Medium Medium,garnier,Health & Beauty,9.449999809,435,153,0.35
82857,H2coco Pure Pink Coconut Water,h2coco,Drinks,5.150000095,471,163,0.35
622132,Help@hand Waterproof Strips,help@hand,Health & Beauty,2.150000095,551,193,0.35
679548,Frankie & Friends Large Parrot & Wildbird Bird Seed Mix,frankie & friends,Pet,5,429,144,0.34
101368,Biopak Lunch Bionapkins,biopak,Household,2.5,548,181,0.33
508041,Woolworths Frozen Pizza Hawaiian,woolworths,Freezer,3.299999952,673,221,0.33
763671,Woolworths Mascarpone Cheese,woolworths,Meat Seafood & Deli,4,447,149,0.33
763671,Woolworths Mascarpone Cheese,woolworths,Dairy Eggs & Fridge,4,447,149,0.33
680587,Sensodyne Toothpaste Sensitive Teeth Pain Rapid Relief,sensodyne,Health & Beauty,6.599999905,621,205,0.33
108143,Explorer Ladies Original Light Crew Socks Size 3-8,explorer,Household,14,343,109,0.32
730039,Selleys Bbq Accessory Tough Wipes,selleys,Household,10,475,152,0.32
140879,White Wings Cinnamon Scrolls With Glaze,white wings,Pantry,4.800000191,679,214,0.32
97237,Woolworths All Butter Croissant,woolworths,Bakery,2.5,326,105,0.32
97237,Woolworths All Butter Croissant,woolworths,Lunch Box,2.5,326,105,0.32
813467,Dole Pineapple Slices In Juice,dole,Pantry,4.199999809,601,195,0.32
97386,Energizer Phone Case Samsung Galaxy S10,energizer,Household,20,540,172,0.32
259345,Grapefruit Red Flesh,NULL,Fruit & Veg,1.950000048,514,161,0.31
82129,Valcom Paste Tom Yum,valcom,Pantry,3.200000048,545,167,0.31
81518,Pantene Pro-v Colour Protection Shampoo,pantene,Health & Beauty,4,572,169,0.3
95919,Airborne Pure New Zealand Honey,airborne,Pantry,6,536,160,0.3
619374,Speedsteam Iron,speedsteam,Household,29,368,107,0.29
186550,Pampas Puff Pastry Reduced Fat,pampas,Freezer,4.5,406,119,0.29
82823,Laucke Spelt Bread Mix,laucke,Pantry,6.800000191,39,11,0.28
88454,Palirria European Stuffed Vine Leaves,palirria,Pantry,5.5,288,80,0.28
82852,Continental Soup Sensations Vine Ripened Tomato & Ricotta,continental,Pantry,2.5,635,177,0.28
743363,Kiwi Shoe Care Laces Black 69cm,kiwi,Household,2,501,141,0.28
820056,L'oreal Magic Retouch Precision Spray 9.3 Light Blonde,l'oreal,Health & Beauty,12.75,616,175,0.28
771897,Thankyou. Hand Wash - Botanical Sweet Orange & Almond,thankyou.,Health & Beauty,7.5,596,168,0.28
147339,Darrell Lea All Sorts Liquorice,darrell lea,Pantry,6,646,182,0.28
251024,Woolworths Ginger Ground,woolworths,Pantry,1.850000024,224,60,0.27
680702,Leggos Pasta Bake With Three Cheese,leggos,Pantry,3,540,146,0.27
231136,Woolworths Combs Multi Pack,woolworths,Health & Beauty,3.799999952,535,145,0.27
657013,Nature's Gift Meal Time Loaf Duck & Vegetables Dog Food,nature's gift,Pet,2,452,122,0.27
716165,Papermate Inkjoy 100 Pen Assorted,papermate,Household,3.75,554,150,0.27
787057,Jamie Oliver Medium Pop Jar,jamie oliver,Household,8,383,104,0.27
841808,Air Wick Essential Oil Frangipani Electric Triple Refill,air wick,Household,13.5,412,106,0.26
106194,Cadbury 3d Freddo Adventures Chocolate,cadbury,Pantry,1,484,124,0.26
611783,Chobani Flip Greek Yoghurt Almond Coco Loco,chobani,Dairy Eggs & Fridge,3,620,154,0.25
611783,Chobani Flip Greek Yoghurt Almond Coco Loco,chobani,Lunch Box,3,620,154,0.25
239418,Paws Fresh Pet Lean Mince,paws fresh,Pet,15.69999981,354,90,0.25
601365,Dermaveen Soap-free Body Wash Oatmeal,dermaveen,Health & Beauty,13.60000038,586,146,0.25
219228,Vo5 Extreme Style Clay Paste Matt Finish For Definition,vo5,Health & Beauty,7.5,615,146,0.24
862172,Tamar Valley Yoghurt No Added Sugar Strawberry,tamar valley,Dairy Eggs & Fridge,2.25,494,120,0.24
605155,Inspire Soap Dish 7cm,inspire,Household,4,598,140,0.23
856305,Heinz Soup Of The Day Pouch Creamy Potato & Leek Soup,heinz,Pantry,3,384,86,0.22
186167,Continental Cup A Soup Classic Tomato,continental,Pantry,2,429,94,0.22
601359,Schwarzkopf Colour Specialist 5.1 Cool Light Brown,schwarzkopf,Health & Beauty,9.5,605,129,0.21
201252,Woolworths Extra Soft Bread Rolls Jumbo Hamburger,woolworths,Bakery,2.700000048,186,39,0.21
201252,Woolworths Extra Soft Bread Rolls Jumbo Hamburger,woolworths,Lunch Box,2.700000048,186,39,0.21
827073,Heng Shun Rice Vinegar 9 Degree,heng shun,Pantry,2.700000048,553,115,0.21
474367,Betty Crocker Gluten Free Vanilla Cupcake Mix,betty crocker,Pantry,6,599,126,0.21
763681,Ingham's Breast Schnitzel Gluten Free,ingham's,Freezer,9,484,103,0.21
297764,Yoplait Forme Zero French Vanilla Yoghurt,yoplait,Dairy Eggs & Fridge,4,346,69,0.2
791179,Woolworths Mushrooms In Butter Sauce,woolworths,Pantry,2.799999952,403,80,0.2
192350,Sargents Party Pack,sargents,Freezer,8,302,59,0.2
788789,Oreo Mini Multipack Original,oreo,Lunch Box,2.75,615,119,0.19
788789,Oreo Mini Multipack Original,oreo,Pantry,2.75,615,119,0.19
172409,Heinz Spaghetti Oops In Tomato & Cheese Sauce,heinz,Pantry,1.649999976,167,32,0.19
807441,Sabco Duex Scrub & Wipe Kitchen Sponge,sabco,Household,5.5,301,50,0.17
105719,Bulla Creamy Classics Sandwich Salted Caramel & Chocolate,bulla,Freezer,4.25,38,6,0.16
333915,Mission Original Tortillas,mission,Pantry,4.150000095,499,76,0.15
812784,Arnott's Shapes Vegemite & Cheese,arnott's,Pantry,3,448,66,0.15
852937,Jarrah Mint Drinking Chocolate Sachets,jarrah,Drinks,5,557,78,0.14
205584,Bonds Mens Underwear Guy Front Trunk Size Medium,bonds,Household,24,511,65,0.13
134831,Mcobeauty Instant Concealer Ivory,mcobeauty,Health & Beauty,9,489,60,0.12
709097,Tasti Nut Bar Choc Peanut,tasti,Lunch Box,5,402,48,0.12
709097,Tasti Nut Bar Choc Peanut,tasti,Pantry,5,402,48,0.12
108466,V Energy Blue Sugar Free,v energy,Drinks,2.799999952,238,29,0.12
775369,The Odd Bunch Avocado Prepacked,the odd bunch,Lunch Box,7,563,70,0.12
775369,The Odd Bunch Avocado Prepacked,the odd bunch,Fruit & Veg,7,563,70,0.12
98518,John West Tuna Slices In Olive Oil,john west,Pantry,3.5,247,28,0.11
109955,Crave Dry Dog Food Beef & Lamb,crave,Pet,25,466,48,0.1
116387,Woolworths Snack Pot Salt & Vinegar Nut & & Pretzel Mix,woolworths,Pantry,6,540,53,0.1
877943,Masterfoods Chipotle Taco Style Sauce,masterfoods,Pantry,2.450000048,321,32,0.1
492628,Decor Tellfresh Super Storer Clear,decor,Household,12,551,52,0.09
321727,Colgate Plax Alcohol Free Mouthwash Freshmint,colgate,Health & Beauty,4,320,25,0.08
771317,Dermaveen Body Moisturiser Lotion,dermaveen,Health & Beauty,13.60000038,388,31,0.08
495543,Decor Hydrate Tritan Bottle 1l,decor,Lunch Box,5,489,27,0.06
495543,Decor Hydrate Tritan Bottle 1l,decor,Household,5,489,27,0.06
705262,Macro Organic Tomato Chutney,macro,Pantry,3.599999905,422,21,0.05
110682,Crave Dry Dog Food Chicken & Salmon,crave,Pet,25,198,4,0.02
143003,Smith's Crinkle Cut Garlic Bread,smith's,Pantry,1.75,382,7,0.02
741167,Air Wick Reed Diffuser Decorative Blackberry & Vanilla Silk,air wick,Household,8,478,8,0.02
115134,The Bar Counter Protein Balls Red Velvet Cupcake,the bar counter,Pantry,2.5,263,5,0.02
793191,Woolworths Creamy Potato Salad,woolworths,Dairy Eggs & Fridge,4.5,379,9,0.02
793191,Woolworths Creamy Potato Salad,woolworths,Meat Seafood & Deli,4.5,379,9,0.02
695083,Macro Silken Tofu,macro,Dairy Eggs & Fridge,2.299999952,179,2,0.01
608620,Macro Organic Toasted Coconut Flakes With Sea Salt,macro,Pantry,4.400000095,281,2,0.01
92396,Olay Regenerist Retinol 24 Night Serum,olay,Health & Beauty,41.29999924,472,2,0
114242,Rspca Approved Chicken Maryland Supreme,NULL,NOT LISTED,6.659999847,453,2,0
